kunalchandan.academy,CA$41/year
Add to cart,
kunalchandan.accountants,CA$161/year
Add to cart,
kunalchandan.actor,CA$54/year
Add to cart,
kunalchandan.agency,CA$27/year
Add to cart,
kunalchandan.apartments,CA$81/year
Add to cart,
kunalchandan.associates,CA$41/year
Add to cart,
B,
kunalchandan.bargains,CA$41/year
Add to cart,
kunalchandan.bike,CA$41/year
Add to cart,
kunalchandan.biz,CA$17/year
Add to cart,
kunalchandan.boutique,CA$41/year
Add to cart,
kunalchandan.builders,CA$41/year
Add to cart,
kunalchandan.business,CA$17/year
Add to cart,
C,
kunalchandan.ca,CA$17/year
Add to cart,
kunalchandan.cab,CA$41/year
Add to cart,
kunalchandan.cafe,CA$54/year
Add to cart,
kunalchandan.camera,CA$54/year
Add to cart,
kunalchandan.camp,CA$54/year
Add to cart,
kunalchandan.capital,CA$68/year
Add to cart,
kunalchandan.cards,CA$41/year
Add to cart,
kunalchandan.care,CA$41/year
Add to cart,
kunalchandan.careers,CA$68/year
Add to cart,
kunalchandan.cash,CA$41/year
Add to cart,
kunalchandan.catering,CA$41/year
Add to cart,
kunalchandan.cc,CA$27/year
Add to cart,
kunalchandan.center,CA$27/year
Add to cart,
kunalchandan.chat,CA$54/year
Add to cart,
kunalchandan.cheap,CA$41/year
Add to cart,
kunalchandan.church,CA$54/year
Add to cart,
kunalchandan.city,CA$27/year
Add to cart,
kunalchandan.claims,CA$81/year
Add to cart,
kunalchandan.cleaning,CA$54/year
Add to cart,
kunalchandan.clinic,CA$68/year
Add to cart,
kunalchandan.clothing,CA$41/year
Add to cart,
kunalchandan.club,CA$18/year
Add to cart,
kunalchandan.co,CA$41/year
Add to cart,
kunalchandan.co.in,CA$16/year
Add to cart,
kunalchandan.co.nz,CA$26/year
Add to cart,
kunalchandan.co.uk,CA$17/year
Add to cart,
kunalchandan.coach,CA$81/year
Add to cart,
kunalchandan.codes,CA$68/year
Add to cart,
kunalchandan.coffee,CA$41/year
Add to cart,
kunalchandan.com,CA$17/year
Add to cart,
kunalchandan.community,CA$41/year
Add to cart,
kunalchandan.company,CA$19/year
Add to cart,
kunalchandan.computer,CA$41/year
Add to cart,
kunalchandan.condos,CA$68/year
Add to cart,
kunalchandan.construction,CA$41/year
Add to cart,
kunalchandan.consulting,CA$41/year
Add to cart,
kunalchandan.contractors,CA$41/year
Add to cart,
kunalchandan.cool,CA$41/year
Add to cart,
kunalchandan.coupons,CA$81/year
Add to cart,
kunalchandan.credit,CA$161/year
Add to cart,
kunalchandan.cruises,CA$68/year
Add to cart,
D,
kunalchandan.dance,CA$27/year
Add to cart,
kunalchandan.dating,CA$68/year
Add to cart,
kunalchandan.deals,CA$54/year
Add to cart,
kunalchandan.delivery,CA$81/year
Add to cart,
kunalchandan.democrat,CA$41/year
Add to cart,
kunalchandan.dental,CA$68/year
Add to cart,
kunalchandan.design,CA$54/year
Add to cart,
kunalchandan.diamonds,CA$68/year
Add to cart,
kunalchandan.digital,CA$54/year
Add to cart,
kunalchandan.direct,CA$54/year
Add to cart,
kunalchandan.directory,CA$27/year
Add to cart,
kunalchandan.discount,CA$41/year
Add to cart,
kunalchandan.dog,CA$54/year
Add to cart,
kunalchandan.domains,CA$41/year
Add to cart,
E,
kunalchandan.education,CA$27/year
Add to cart,
kunalchandan.email,CA$27/year
Add to cart,
kunalchandan.energy,CA$161/year
Add to cart,
kunalchandan.engineering,CA$68/year
Add to cart,
kunalchandan.enterprises,CA$41/year
Add to cart,
kunalchandan.equipment,CA$27/year
Add to cart,
kunalchandan.estate,CA$41/year
Add to cart,
kunalchandan.events,CA$41/year
Add to cart,
kunalchandan.exchange,CA$41/year
Add to cart,
kunalchandan.expert,CA$68/year
Add to cart,
kunalchandan.exposed,CA$27/year
Add to cart,
kunalchandan.express,CA$41/year
Add to cart,
F,
kunalchandan.family,CA$27/year
Add to cart,
kunalchandan.farm,CA$41/year
Add to cart,
kunalchandan.finance,CA$81/year
Add to cart,
kunalchandan.financial,CA$68/year
Add to cart,
kunalchandan.fish,CA$41/year
Add to cart,
kunalchandan.fitness,CA$41/year
Add to cart,
kunalchandan.flights,CA$68/year
Add to cart,
kunalchandan.florist,CA$41/year
Add to cart,
kunalchandan.football,CA$41/year
Add to cart,
kunalchandan.foundation,CA$41/year
Add to cart,
kunalchandan.fund,CA$68/year
Add to cart,
kunalchandan.furniture,CA$68/year
Add to cart,
kunalchandan.futbol,CA$18/year
Add to cart,
kunalchandan.fyi,CA$27/year
Add to cart,
G,
kunalchandan.gallery,CA$27/year
Add to cart,
kunalchandan.gifts,CA$54/year
Add to cart,
kunalchandan.glass,CA$54/year
Add to cart,
kunalchandan.gold,CA$161/year
Add to cart,
kunalchandan.golf,CA$81/year
Add to cart,
kunalchandan.graphics,CA$27/year
Add to cart,
kunalchandan.gratis,CA$27/year
Add to cart,
kunalchandan.gripe,CA$41/year
Add to cart,
kunalchandan.guide,CA$54/year
Add to cart,
kunalchandan.guru,CA$38/year
Add to cart,
H,
kunalchandan.haus,CA$38/year
Add to cart,
kunalchandan.healthcare,CA$81/year
Add to cart,
kunalchandan.hockey,CA$81/year
Add to cart,
kunalchandan.holdings,CA$68/year
Add to cart,
kunalchandan.holiday,CA$68/year
Add to cart,
kunalchandan.house,CA$41/year
Add to cart,
kunalchandan.how,CA$41/year
Add to cart,
I,
kunalchandan.immo,CA$54/year
Add to cart,
kunalchandan.immobilien,CA$41/year
Add to cart,
kunalchandan.in,CA$17/year
Add to cart,
kunalchandan.industries,CA$41/year
Add to cart,
kunalchandan.info,CA$17/year
Add to cart,
kunalchandan.institute,CA$27/year
Add to cart,
kunalchandan.insure,CA$81/year
Add to cart,
kunalchandan.international,CA$27/year
Add to cart,
kunalchandan.investments,CA$41/year
Add to cart,
kunalchandan.io,CA$81/year
Add to cart,
J,
kunalchandan.jewelry,CA$81/year
Add to cart,
K,
kunalchandan.kaufen,CA$41/year
Add to cart,
kunalchandan.kitchen,CA$54/year
Add to cart,
L,
kunalchandan.land,CA$41/year
Add to cart,
kunalchandan.lease,CA$68/year
Add to cart,
kunalchandan.legal,CA$81/year
Add to cart,
kunalchandan.life,CA$54/year
Add to cart,
kunalchandan.live,CA$27/year
Add to cart,
kunalchandan.lighting,CA$27/year
Add to cart,
kunalchandan.limited,CA$41/year
Add to cart,
kunalchandan.limo,CA$68/year
Add to cart,
M,
kunalchandan.maison,CA$68/year
Add to cart,
kunalchandan.management,CA$27/year
Add to cart,
kunalchandan.market,CA$54/year
Add to cart,
kunalchandan.marketing,CA$41/year
Add to cart,
kunalchandan.mba,CA$54/year
Add to cart,
kunalchandan.me,CA$27/year
Add to cart,
kunalchandan.media,CA$41/year
Add to cart,
kunalchandan.memorial,CA$81/year
Add to cart,
kunalchandan.moda,CA$41/year
Add to cart,
kunalchandan.money,CA$54/year
Add to cart,
kunalchandan.movie,CA$429/year
Add to cart,
N,
kunalchandan.net,CA$17/year
Add to cart,
kunalchandan.network,CA$27/year
Add to cart,
kunalchandan.news,CA$41/year
Add to cart,
kunalchandan.ninja,CA$26/year
Add to cart,
O,
kunalchandan.online,CA$41/year
Add to cart,
kunalchandan.org,CA$17/year
Add to cart,
P,
kunalchandan.partners,CA$68/year
Add to cart,
kunalchandan.parts,CA$41/year
Add to cart,
kunalchandan.photography,CA$27/year
Add to cart,
kunalchandan.photos,CA$27/year
Add to cart,
kunalchandan.pictures,CA$16/year
Add to cart,
kunalchandan.pizza,CA$81/year
Add to cart,
kunalchandan.place,CA$54/year
Add to cart,
kunalchandan.plumbing,CA$54/year
Add to cart,
kunalchandan.plus,CA$54/year
Add to cart,
kunalchandan.productions,CA$41/year
Add to cart,
kunalchandan.properties,CA$41/year
Add to cart,
kunalchandan.pub,CA$41/year
Add to cart,
kunalchandan.pw,CA$13/year
Add to cart,
R,
kunalchandan.recipes,CA$68/year
Add to cart,
kunalchandan.reisen,CA$27/year
Add to cart,
kunalchandan.rentals,CA$41/year
Add to cart,
kunalchandan.repair,CA$41/year
Add to cart,
kunalchandan.report,CA$27/year
Add to cart,
kunalchandan.republican,CA$41/year
Add to cart,
kunalchandan.restaurant,CA$81/year
Add to cart,
kunalchandan.reviews,CA$27/year
Add to cart,
kunalchandan.rocks,CA$18/year
Add to cart,
kunalchandan.run,CA$27/year
Add to cart,
S,
kunalchandan.sarl,CA$54/year
Add to cart,
kunalchandan.school,CA$54/year
Add to cart,
kunalchandan.schule,CA$27/year
Add to cart,
kunalchandan.services,CA$41/year
Add to cart,
kunalchandan.shoes,CA$54/year
Add to cart,
kunalchandan.show,CA$54/year
Add to cart,
kunalchandan.singles,CA$41/year
Add to cart,
kunalchandan.site,CA$41/year
Add to cart,
kunalchandan.soccer,CA$27/year
Add to cart,
kunalchandan.social,CA$41/year
Add to cart,
kunalchandan.software,CA$54/year
Add to cart,
kunalchandan.solar,CA$54/year
Add to cart,
kunalchandan.solutions,CA$27/year
Add to cart,
kunalchandan.soy,CA$27/year
Add to cart,
kunalchandan.store,CA$68/year
Add to cart,
kunalchandan.studio,CA$27/year
Add to cart,
kunalchandan.style,CA$54/year
Add to cart,
kunalchandan.supplies,CA$27/year
Add to cart,
kunalchandan.supply,CA$27/year
Add to cart,
kunalchandan.support,CA$27/year
Add to cart,
kunalchandan.surgery,CA$68/year
Add to cart,
kunalchandan.systems,CA$27/year
Add to cart,
T,
kunalchandan.taxi,CA$81/year
Add to cart,
kunalchandan.team,CA$54/year
Add to cart,
kunalchandan.tech,CA$54/year
Add to cart,
kunalchandan.technology,CA$27/year
Add to cart,
kunalchandan.tennis,CA$81/year
Add to cart,
kunalchandan.theater,CA$81/year
Add to cart,
kunalchandan.tienda,CA$68/year
Add to cart,
kunalchandan.tips,CA$27/year
Add to cart,
kunalchandan.tires,CA$161/year
Add to cart,
kunalchandan.today,CA$27/year
Add to cart,
kunalchandan.tools,CA$41/year
Add to cart,
kunalchandan.tours,CA$81/year
Add to cart,
kunalchandan.town,CA$41/year
Add to cart,
kunalchandan.toys,CA$54/year
Add to cart,
kunalchandan.training,CA$41/year
Add to cart,
U,
kunalchandan.university,CA$68/year
Add to cart,
kunalchandan.us,CA$17/year
Add to cart,
V,
kunalchandan.vacations,CA$41/year
Add to cart,
kunalchandan.ventures,CA$68/year
Add to cart,
kunalchandan.viajes,CA$68/year
Add to cart,
kunalchandan.villas,CA$68/year
Add to cart,
kunalchandan.vin,CA$81/year
Add to cart,
kunalchandan.vision,CA$41/year
Add to cart,
kunalchandan.voyage,CA$68/year
Add to cart,
W,
kunalchandan.watch,CA$41/year
Add to cart,
kunalchandan.wine,CA$81/year
Add to cart,
kunalchandan.works,CA$41/year
Add to cart,
kunalchandan.world,CA$54/year
Add to cart,
Z,
kunalchandan.zone,CA$41/year
Add to cart,
AboutFeaturesHelp,
