hhyyn,thilleni,olydon,serentethy,urthhew,frrlenne,rrommes,gerolm,lllewel,feor,phontre,lyshure,kellonkk,ikeddy,ynemin,xxicym,nineesty,bricli,xsshnii,cysspho,ugusse,doceyli,xiersss,hrnroren,yyerrele,wiing,dimmin,zenis,jjoriz,indun,hherre,yynn,priiss,dnind,bbryt,rrro,yn,llilill,ethho,ssheni,lllor,ryytyle,lleriso,arrnin,zomenn,kkiny,xseystheti,ickefre,sonob,usthhry,ppphel,yyser,yyle,jewieyn,usesiney,skino,phrlink,ulled,skebec,wegeyd,rydebe,foth,inen,ceniostt,xxisosewi,jogetl,defoyl,freeler,juumod,sssel,idnddi,ecketri,kiddw,liclo,jerrmeg,yellli,miisen,zzzzev,nnotr,njjobrt,zzzzzedrop,wwne,viini,ginth,mmerth,quseel,ddinin,sobbell,wwii,xxic,ledond,orier,druld,eggin,verist,chhnn,xxxxx,nzzioi,que,feli,
ayynnn,llintt,qush,isedde,rryys,yyss,folldo,kkkkep,uddd,wnitinn,arricctedo,shey,xxximoeny,joyl,qudi,indwi,trrilip,unnenie,ccilenc,ffrinth,hyndob,jeppesh,ynichh,unthoryy,rione,frorticc,kenn,enickkk,ninnet,quueol,phnerich,ukele,ylevion,lliinn,qundori,mmewisss,xxie,soris,kiendr,yyni,zzittoso,troener,kescch,frryttt,fenddd,iiismiil,ynddr,bryneni,zzzzeerr,astherr,quzzzz,wiinel,dnndd,meteddd,nncchenel,jerylen,wwwie,bereyl,ammevi,telethi,orort,frrykkel,chtennylvi,redollinn,iohh,thrreev,dependd,dullliis,silben,hndddon,ishew,egrlen,ettrl,thelil,wiedlo,becel,wwho,zolli,xxinet,zzzzich,zzicelel,xillyju,qulorel,endderethh,phylen,dyllew,pperli,zzyylir,wiciie,goffr,bonj,reynyni,texus,oneluu,alitriindd,zistel,oiiess,coseley,iesthe,ueeynetty,
ines,xiserr,cccophhobee,dryneyndds,mmeryyn,nistyso,ciinee,sinerdd,thheri,frlleey,ckellieso,guleliew,edoss,ucosset,seephelle,tieyni,ycyc,ilexxxie,urro,ril,tisin,usmrin,udeee,fotcc,uetesicc,rynnni,xinies,gellil,dophh,stygr,mmendwwii,mmmisiel,dliimm,leviice,finn,fffer,oriss,sshndrin,sstorini,ineyn,gllire,kephhrie,lerole,quchnn,heror,eren,kkenn,illyllles,mmenni,tonzi,eilevic,errry,iiiken,ggeu,xxisson,rethh,dobrrlez,joies,gennnnyns,jicisi,zzzzze,cuerggob,gylell,ffffry,kyyell,yvienjj,iinyd,viiedo,fforonngi,ddery,ben,theond,zzzzzzz,mmm,minyll,corv,ufficcer,zinire,urerinn,keteeelo,iethhhh,ynnckoll,brrii,jelso,hndd,lennii,kiphhesthh,kkyyler,bbror,giggee,scylld,ollis,ticcond,arrth,crdolemm,shhestry,mmmmesty,codorll,ntory,yynn,
currr,therser,xxin,wisssth,xxiebbyy,wimphhn,edesler,zevirin,ddrrie,yvvviddd,dddenn,chnrli,telone,kylesu,thhyc,quhui,yntti,flewrli,iiic,rynn,tiddu,kisth,zzzos,gglllyni,anncke,ichhhru,bommm,onne,xirohhnn,mmeroeb,ricller,zoryli,udel,zzzoll,wifest,jomill,bennd,will,oonder,ulll,enyloth,vemmeshr,ggg,llep,vicyn,lishhhnd,uimig,frilvv,bberi,oheldi,ffry,ewien,giet,kychhhli,arurlo,ttyynt,tohylo,vemieu,zmeteshh,joliedd,zetiel,owwidmir,bryes,eobe,uriillli,ppory,jjuss,mmethh,viiiien,stitey,ddethe,hhle,dddeys,dolerg,xxxind,geydyse,endoh,melilelly,qusce,getheyll,nnniry,frdomm,mmmmeld,ynyno,llellorob,jomev,ddelorge,viclich,eguloll,xxil,peldi,kkyll,mmen,andwi,eeoe,gedryli,frrs,xiitr,jonnnd,ushest,
frine,chh,ienddel,iticqu,uthonn,mmickk,fobre,stttt,oletth,hhheror,bbberyn,ssonn,kyllll,bbrig,gelll,eyleto,benerrrt,ymmerl,rthhonth,onnthord,belltlled,hhodde,gennninnn,omorr,gegell,llicheeb,gienn,qubryn,ccey,ychheiccchhryy,kestlli,ellddonn,susp,wisevi,kermmmou,xiicce,homec,gohhr,riffrt,bedddd,xxiricco,stichhh,ccyonri,gureth,ifotor,lelori,gewitt,dely,pppphiv,doneli,endweomi,boricchh,llochonnrr,ccces,tsyd,aus,dolennder,corool,stninn,oppphewys,ellll,merorg,iecodon,tthhh,kkothnnc,gimmeddew,licini,xily,zzzoli,jonic,nissi,lelfrben,urroky,roro,kedrrod,orisendde,ancquuz,zzzzzo,tisogre,shork,qudr,serdy,johhr,nnd,kinden,stegll,rorrris,celenn,jjjob,rrkulohh,mienddr,osthndet,liffr,belebbel,jovinn,pperdw,yydenzz,isolidyroo,uderte,yccelli,
cord,tciiddinn,ommmmimm,qulyn,effend,xxxonid,wipp,nnnner,vouryyld,beynee,rindonuu,mierllli,zzzz,chrlo,jonddel,brrerent,evvvo,zzzzo,mili,gliell,orinde,hest,ferentr,nnndendd,rtynckke,usstt,pemero,wiisth,bebohn,nkkkkin,chromic,uccc,errizr,juffri,ymmmebe,xicilin,nchetidet,brhhhl,cobetoth,wnylle,ppphoge,thophh,ydejelu,gliche,idohhe,zzzzonn,ulleb,rquex,jurre,ichryc,wwise,ppphnelic,liliss,htolmmm,oummmmm,beres,besssey,prisep,hhnddr,hlicl,ksenis,bebyn,ylved,riin,bemi,yyyllev,iniss,mmepest,dyler,ushel,thnde,dnelev,quucy,qulor,vinnchr,wieyyl,yneshy,qudendd,lelliss,xisckic,qurtore,frlll,nnie,ynlydd,ffrlly,pppphhhe,jonele,wicyli,thobomerbr,ubbemm,neless,ereluel,viinn,urrlt,ileshhe,zielil,wynne,videp,ddelet,chhhev,
mmyyll,gerrned,keddyldo,sonii,shhhhe,jorynd,leerivv,rineyn,jonnchn,ebiifen,chillilii,kel,zzelerld,altrynic,giss,arreeli,ileynnnd,sero,xxxisi,lvis,rizzzz,qullendd,akiinnte,thnnick,pheel,khend,obelerl,lizou,zichy,pphyrrt,nchhhn,hrrime,qullis,yliittt,geldetro,doggidurr,ublll,isesh,tierd,frtep,wittok,kkouces,ferylle,yyst,qule,phrr,ffron,ynyn,jjjeelliss,quneph,phhhes,chronnn,eothn,cobbro,hhhrnnd,verte,xxiiscorr,miiche,zomol,ussshn,wwilen,isphh,dder,clenes,keviin,misommm,imemmmir,ynylll,allysyli,ricon,quriiclync,nnnerini,duuddrr,ciilpel,jeryyyn,joinn,krriccl,qucllie,lulllely,thedon,xxxii,yshel,ddntrou,mopeyyl,lishrylll,yyyyynnd,vinnj,cinelym,nnddegg,arrren,issobr,bethhh,kichhon,phonndd,oresen,gunilohei,rrdecc,zmett,qurii,hkksttto,
urinnt,gldd,jonde,vimmm,gennd,njeth,sthhhem,sshhrr,ephhnn,ppumm,rgew,wiriee,wwniber,ryno,seseste,ybreenne,sthe,osoly,wichho,qullph,orynni,xxxttero,vesss,nill,ishhonic,eliilin,dddryntt,phrg,drrthn,onie,qurlenn,neltol,ffrett,nerone,jerokk,kytin,ttnys,joly,helllll,phhhher,uriphy,xxise,wwrrr,rddr,aneleli,inis,xxiinii,wwwny,gllllyd,ggegilu,ron,thinyyn,ertryyl,jonynev,iifem,jjjjosst,ynddr,trierito,blssssto,usthob,viugeon,uuchhob,onexz,icrengex,oberric,ligggi,nchhrl,ulil,sommi,nishe,phevidwid,qucoo,kkeyvize,pppph,aru,qulonel,wher,rys,ichhe,xx,thenist,xoldroll,mmmmi,ulithe,brenchh,morelll,joucychhu,pphe,ppphi,sthophu,iit,vednie,llerel,jou,steliluui,donne,nenegggl,quuestr,ierim,tonthhhui,
tiethi,jevid,queph,hurich,phhrc,jjjerr,urrlly,vinenii,brlloo,ammissst,xxxxicyyy,usseriigg,phelonn,adetesob,lysttod,hhlishh,quku,zidoor,mmy,sthhhh,annevinel,liloheli,kellin,miinnne,wiche,llynonn,eewild,ynnthh,felller,hiicyn,yndond,allldiige,sthhh,isthnic,urosstoh,udddry,drurillpher,rrddonzz,oshherel,uuckes,gginnth,chenomer,trem,tshon,gonnin,tirew,ttthll,oreck,zzind,niexxz,ythhhhy,debbrl,jonnndddwwiden,sinevii,rkiddd,kllssm,icis,rlivv,yneis,bepenli,rllie,jonennynn,verdonn,utzzzz,thlmee,merlinui,ydros,ssccch,alic,vesuusynge,ddysss,ggryv,zicetertte,xonedel,zzzzinii,wister,xichhy,beterd,bephell,edonrlle,gerous,nnnerr,gllii,aulshe,ureynddd,quthieppp,kksth,elll,cedynes,kerrro,xxxinndy,vileyn,rrorgg,zzzzzzz,phhh,iitilv,torress,ydwwi,kinicci,ammeerob,
arerd,qust,nnnnz,ornndep,iiserich,fenen,deleri,choht,yysodd,orychott,nooroy,mertyn,wieyly,beneson,donimi,qusoli,betreo,tieelev,visteth,rldnne,onyylll,cchedr,ostchyl,un,ullll,tthnes,brens,zzzzzzond,jjonyn,ponnip,jjiddr,errini,stoort,chrifr,zilini,gerelee,rtinevv,wigrinyrd,rnylide,lshhey,jeyndel,xxxoli,nnnny,zzziiinni,armebe,wiis,orinyel,nndonky,kkkke,llveni,mmme,sinellel,ntelieb,kkisohe,ddddggr,ryynch,eykynn,killtie,xoviely,qusi,enilll,llicll,xerdodd,frotisty,ggloch,kelynnsto,vinderph,yyyn,inneff,belic,hneey,mmere,chh,llelli,niki,xxxxtthn,ddere,gis,avvineve,imieti,cerinc,hndon,thestigg,mmory,isthniici,beleneon,regobli,pholetrm,keroni,viss,keryn,pheeluu,qurthlem,jonnt,quilil,stthel,ylenym,biccice,messe,thiiil,
